<?xml version="1.0" encoding="UTF-8"?>
<project-private xmlns="http://www.netbeans.org/ns/project-private/1">
    <editor-bookmarks xmlns="http://www.netbeans.org/ns/editor-bookmarks/2" lastBookmarkId="0"/>
    <open-files xmlns="http://www.netbeans.org/ns/projectui-open-files/2">
        <group>
            <file>file:/C:/Users/Acer%20User/Documents/NetBeansProjects/OOPAssignment/src/oopassignment/LecturerHomepage.java</file>
            <file>file:/C:/Users/Acer%20User/Documents/NetBeansProjects/OOPAssignment/src/oopassignment/Consultation.java</file>
            <file>file:/C:/Users/Acer%20User/Documents/NetBeansProjects/OOPAssignment/src/oopassignment/Appointment.java</file>
            <file>file:/C:/Users/Acer%20User/Documents/NetBeansProjects/OOPAssignment/src/oopassignment/StudentFeedback.java</file>
            <file>file:/C:/Users/Acer%20User/Documents/NetBeansProjects/OOPAssignment/src/oopassignment/SignUp.java</file>
            <file>file:/C:/Users/Acer%20User/Documents/NetBeansProjects/OOPAssignment/src/oopassignment/ReschedulingRequests.java</file>
            <file>file:/C:/Users/Acer%20User/Documents/NetBeansProjects/OOPAssignment/src/oopassignment/Login.java</file>
            <file>file:/C:/Users/Acer%20User/Documents/NetBeansProjects/OOPAssignment/src/oopassignment/ManageConsultation.java</file>
            <file>file:/C:/Users/Acer%20User/Documents/NetBeansProjects/OOPAssignment/src/oopassignment/UpcomingPastAppointment.java</file>
            <file>file:/C:/Users/Acer%20User/Documents/NetBeansProjects/OOPAssignment/src/oopassignment/StudentDashboard.java</file>
        </group>
    </open-files>
</project-private>
